Song,Artist
Like I Do,J.Tajor
Yes or No,Jung Kook
Small girl (feat. D.O.),Lee Young Ji
LIKE THAT,BABYMONSTER
NVMD,Denise Julia
Obsessed,Ayumu Imazu
3D (feat. Jack Harlow),Jung Kook
Slow Dancing,V
SHEESH,BABYMONSTER
ATTENTION,Joji
SLOW DANCING IN THE DARK,Joji
TEST DRIVE,Joji
WANTED U,Joji
YEAH RIGHT,Joji
CAN'T GET OVER YOU (feat. Clams Casino),Joji
WHY AM I STILL IN LA (feat. Shlohmo & D33J),Joji
NO FUN,Joji
COME THRU,Joji
R.I.P. (feat. Trippie Redd),Joji
XNXX,Joji
I'LL SEE YOU IN 40,Joji
Glimpse of Us,Joji
Feeling Like The End,Joji
Die For You,Joji
Before The Day Is Over,Joji
Dissolve,Joji
NIGHT RIDER,Joji
BLAHBLAHBLAH DEMO,Joji
YUKON (INTERLUDE),Joji
1AM FREESTYLE,Joji
Ew,Joji
MODUS,Joji
Tick Tock,Joji
Daylight,Joji
Upgrade,Joji
Gimme Love,Joji
Run,Joji
Sanctuary,Joji
High Hopes (feat. Omar Apollo),Joji
NITROUS,Joji
Pretty Boy (feat. Lil Yachty),Joji
Normal People (feat. rei brown),Joji
Afterthought,Joji
Mr. Hollywood,Joji
777,Joji
Reanimator (feat. Yves Tumor),Joji
Like You Do,Joji
Your Man,Joji
Thinking Bout You,rei brown
From You,Bonobo
Gates to the Sun (POLLEN Singles),SahBabii
Gimme Love - Channel Tres Remix,Joji
SLOW DANCING IN THE DARK - Acoustic Remix,Joji
SLOW DANCING IN THE DARK - Loud Luxury Remix,Joji
SLOW DANCING IN THE DARK - Mr. Mitch Remix,Joji
Will He,Joji
Pills,Joji
Demons,Joji
Window,Joji
Bitter Fuck,Joji
worldstar money (interlude),Joji
Plastic Taste,Joji
I Don't Wanna Waste My Time,Joji
Will He (Medasin Remix),Joji
Will He (Ryan Hemsworth Remix),Joji
Demons (Lapalux Remix),Joji
Demons (Lunice Remix),Joji
Pills (HWLS Remix),Joji
Bitter Fuck (salute remix),Joji
I Don't Wanna Waste My Time (SwuM Remix),Joji
worldstar money (interlude),Joji
Get You The Moon (feat. Sn√∏w),Kina
